0,Codeship_Continuous_Integration_and_Continuous_Delivery_with_Docker.pdf,docker continuous e codeship build image - share guid ï‚‚
1,Python_For_Data_Analysis.pdf,2 0 3 4 values nan 5 b array series
2,9781782166047-LEARNING_LIBGDX_GAME_DEVELOPMENT.pdf,game public // void import add private libgdx float screen
3,9781785885433-PRACTICAL_BUSINESS_INTELLIGENCE.pdf,sql creating seen screenshot: server r bi dashboard business microsoft
4,seke07.pdf,testing algorithm test attribute was software learning ml ranking martirank
5,9781785280009-LINUX_DEVICE_DRIVERS_DEVELOPMENT.pdf,struct device kernel /* */ int driver memory * drivers
6,9781849693684-CONTINUOUS_DELIVERY_AND_DEVOPS_A_QUICKSTART_GUID.pdf,may what they software cd business devops very good change
7,raspberry_pi_cookbook.pdf,pi raspberry recipe python figure $ program command want >>>
8,9781787285705-WORDPRESS_COMPLETE_SIXTH_EDITION.pdf,your wordpress theme content plugin page post just site blog
9,05_BaMI-Problem-Sets.pdf,changes problem sets (4) revision history table notes major between
10,JAVA_WEB_SERVICES.pdf,{ } web representation import public string restful http service
11,Thoughtful_Machine_Learning.pdf,end www.it-ebooks.info learning machine figure would algorithm probability neural out
12,9781786464477-PYTHON_MACHINE_LEARNING_COOKBOOK.pdf,# import let's input print define output ff building classifier
13,Scala_for_the_Impatient_2nd_Edition_2017.pdf,here code view image click class method type val scala
14,algorithms.pdf,â† ) return then s returns p do â€² figure
15,CouchDB-TheDefinitiveGuide.pdf,couchdb document documents view database list replication functions design weâ€™ll
16,Python_Unlocked_[eBook].pdf,>>> ... def class return import python objects object test
17,9781788993869-THE_MODERN_C_CHALLENGE.pdf,{ } const << return auto & int -1 ==
18,practical-vim_p1_1.pdf,command vim tip mode search line page commands prepared exclusively
19,loglinear.pdf,y v (x 0 y) x f ) Â· features
20,9781782164524-BOOTSTRAP_SITE_BLUEPRINTS.pdf,our let's we'll // bootstrap files navbar bootstrappin' less add
21,Gradle_Effective_Implementation_Guide.pdf,gradle task build file } project tasks www.it-ebooks.info plugin property
22,algorithms_cormen_3rd.pdf,d : c n 0 ; 2 x  
23,GuzmanEtAl2016.1117.full.pdf,pattern ca3 synaptic connectivity was postsynaptic number network cell j.
24,Python_Tricks.pdf,>>> python def object list just objects functions itâ€™s string
25,Java_Testing_with_Spock.pdf,spock test tests groovy â–  java listing unit testing www.it-ebooks.info
26,INSTANT_MINECRAFT_PI_EDITION_CODING_HOWTO.pdf,pi game minecraft minecraft: edition board raspberry ff coding instant
27,D3-Tips-and-Tricks.pdf,. // + line var graph text d3.js y position
28,OPENCV_COMPUTER_VISION_WITH_PYTHON.pdf,opencv image camera def let's depth images source application color
29,Becoming_Functional.pdf,{ } example public : return customer functions letâ€™s list
30,9781788474443-OPENCV_3_COMPUTER_VISION_WITH_PYTHON_COOKBOOK.pdf,how image import opencv getting ready recipe images it... works...
31,9781783286331-HASKELL_DATA_ANALYSIS_COOKBOOK.pdf,$ import -> :: follows: main ff install recipe print
32,9781782164425-STORM_REALTIME_PROCESSING_COOKBOOK.pdf,new storm ff topology within test public => project log
33,python_testing.pdf,def test - 2 pytest fixtures 1 3 4 5
34,High_Performance_Spark.pdf,spark rdd val rdds transformations sql than may scala line
35,9781786460806-BUILDING_SLACK_BOTS.pdf,bot // slack let channel message => command }); redis
36,9781787129450-PYTHON_GUI_PROGRAMMING_COOKBOOK_SECOND_EDITION.pdf,our gui python # import recipe tkinter mysql widgets creating
37,9781786466198-BEGINNING_C_GAME_PROGRAMMING.pdf,// code game add player sfml sound c++ int next
38,9781783981922-PHANTOMJS_COOKBOOK.pdf,phantomjs script recipe ff test run tests page web webpage
39,9781785880230-EXPERT_ANGULAR.pdf,angular } component import application let's components test : template
40,9781783980420-PYTHON_FOR_SECRET_AGENTS.pdf,python ) we'll >>> image object we've us list work
41,seven_databases_in_seven_weeks_Database.pdf,: download www.it-ebooks.info ebook wow! <www.wowebook.com> discuss report erratum redis
42,Representative_Subsets_For_Big_Data_Lear.pdf,subset selection Â± graph k-nn furs big kernel dataset points
43,9781789612899-GUIDE_TO_NOSQL_WITH_AZURE_COSMOS_DB.pdf,cosmos db document database query nosql azure collection sql documents
44,9781787281585-MASTERING_CSS.pdf,css let's we'll add creating flexbox flex it's just width
45,Natural_Language_Processing_in_Action_v7_MEAP.pdf,other than - words >>> word simple during book vectors
46,Learning_PHP_MySQL_JavaScript_CSS_and_HTML5_Third_Edition.pdf,php javascript table mysql web figure echo because string property
47,9781788478311-NATURAL_LANGUAGE_PROCESSING_WITH_TENSORFLOW.pdf,word learning neural state output lstm input tensorflow figure words
48,00_BaMI-Introduction.pdf,intelligence principles neocortex brain machines intelligent theory biological machine book
49,9781783285655-OPTIMIZING_HADOOP_FOR_MAPREDUCE.pdf,hadoop mapreduce map reduce cluster memory performance job tasks may
50,Data_Visualization_with_D3.js_Cookbook.pdf,function // d3 line ff var return recipe chart visualization
51,probabilisticContextFreeModels.pdf,â†’ s x np vp n âˆˆ â€¢ tree j
52,Jump_Start_Bootstrap.pdf,. bootstrap <div </div> www.it-ebooks.info figure â–  start css jump
53,9781783285556-PIG_DESIGN_PATTERNS.pdf,data pig pattern patterns design */ /* hadoop cases results
54,9781783282494-ADVANCED_EXPRESS_WEB_APPLICATION_DEVELOPMENT.pdf,our { return let's project }); add var express :
55,PYTHON_DATA_ANALYSIS.pdf,print numpy import pandas follows: array values $ book's 3
56,9781849510301-POSTGRESQL_90_HIGH_PERFORMANCE.pdf,database postgresql query it's where table index disk system than
57,ibm12.pdf,. l (k) m) model ) 1 french english ibm
58,9781782164760-INSTANT_PHP_WEB_SCRAPING.pdf,// php web scraping curl page url array object instant
59,9781783984862-DOCKER_COOKBOOK.pdf,docker ff container $ run image containers host running build
60,effective_python.pdf,python class item def library efrain olivares module >>> âœ¦
61,SciPy_and_NumPy.pdf,# numpy import scipy array functions figure source available: x
62,PRACTICAL_DATA_ANALYSIS_SECOND_EDITION.pdf,analysis visualization working import reference find information image series mongodb
63,9781785880940-PROFESSIONAL_CSS3.pdf,{ } â€¢ background: css width: let's elements height: <div
64,efrainolivares_151118.pdf,â— test our software quality team â—‹ â€‹ i framework
65,Programming-in-Scala.pdf,Â· class type scala contents index scala> val section glossary
66,9781782163008-LINUX_UTILITIES_COOKBOOK.pdf,ff command file i run files line running system linux
67,9781783980925-MASTERING_GRUNT.pdf,following grunt web task install block project files npm git
68,9781849699594-PYSIDE_GUI_APPLICATION_DEVELOPMENT.pdf,pyside widgets widget application provides event window main bar text
69,LEARNING_PLAY_FRAMEWORK_2.pdf,play! scala we'll application framework web action template java us
70,Natural_Language_Processing_with_Java.pdf,class text + www.it-ebooks.info sentence string " nlp word shown
71,cracking_code_inerview_4th.pdf,} int interview public Â»Â» 3 solutions - 5 *
72,9781838644130-HANDSON_BIG_DATA_ANALYTICS_WITH_PYSPARK.pdf,spark rdd val let's test shown import testing us section
73,9781849519946-HTML5_AND_CSS3_TRANSITION_TRANSFORMATION_AND_ANI.pdf,html5 web look property css3 let's element html understand feature
74,9781788839112-SPLUNK_7_ESSENTIALS_THIRD_EDITION.pdf,splunk search click event dashboard command creating select fields panel
75,Codeship_Efficiency_in_Development_Workflows.pdf,codeship feature - share e guid ï‚‚ ï‚ ïƒ” pull
76,Data_Structures_and_Algorithms_with_JavaScript.pdf,function { } var array list + www.it-ebooks.info elements 0;
77,9781849510004-JAVASCRIPT_TESTING_BEGINNERS_GUIDE.pdf,testing javascript test html input values ïµ var errors debugging
78,hierarchical-temporal-memory-cortical-learning-algorithm-0.2.1-en.pdf,htm cells active input region cell synapses layer column learning
79,9781788830829-MODERN_PYTHON_STANDARD_LIBRARY_COOKBOOK.pdf,>>> def it's it... import works... want provided text just
80,9781782175858-THINKING_IN_JAVASCRIPT.pdf,code javascript jquery let's look packt <script var understand book
81,hmms-spring2013.pdf,. y1 ) xn sequence tagging yn+1 sentence tag training
82,PYTHON_MACHINE_LEARNING.pdf,>>> ... ) learning ( training model machine x via
83,python-crash-course.pdf,. python list make u youâ€™ll weâ€™ll v name import
84,9781784396053-LEARNING_DATA_MINING_WITH_PYTHON.pdf,dataset features next import many algorithm mining feature follows: training
85,9781789800104-ADVANCED_JAVASCRIPT.pdf,function ); event javascript object ) snippet functions dom promise
86,Quick-Start-Action-Plan-Workbook.pdf,your www.masteryourminutes.com they Â£ email 1440 time most tasks &
87,9781849691260-HTML5_GAMES_DEVELOPMENT_BY_EXAMPLE_BEGINNERS_GUI.pdf,game canvas // var drawing html5 javascript server just games
88,9781785888632-IPYTHON_INTERACTIVE_COMPUTING_AND_VISUALIZATION_COOKBOOK_SECOND_EDITION.pdf,>>> ff python import available here let's numpy recipe jupyter
90,9781783988020-GO_PROGRAMMING_BLUEPRINTS.pdf,go := type add package err us api build web
91,9781785884481-MODULAR_PROGRAMMING_WITH_PYTHON.pdf,module package python modules import program def programming packages modular
92,9781849695466-HTML5_GAME_DEVELOPMENT_HOTSHOT.pdf,game // var project building }; function() add player ff
93,Fast_Data_Processing_with_Spark_2nd_Edition.pdf,spark val www.it-ebooks.info rdd // import 0.0 => shown info
94,IJReferenceCard_mac.pdf,go / code line block current find file selected toggle
95,atom_flight_manual_160211.pdf,atom package -> command view text open theme settings editor
96,Betterment_401k_Quarterly_Statement_2018-06-30.pdf,2018 401(k) riv data corp traditional account your / jun
97,9781785285493-LEARNING_JAVASCRIPT_DATA_STRUCTURES_AND_ALGORITHMS.pdf,array (line algorithm var element node elements let's javascript line
98,LEARNING_PREDICTIVE_ANALYTICS_WITH_PYTHON.pdf,model x dataset variable regression variables us random fig. values
99,9781786463708-LEARNING_PYSPARK.pdf,spark streaming dataset dataframe apache dataframes \ would learning features
100,9781782162148-MACHINE_LEARNING_WITH_R.pdf,model > learning â€“ r machine performance values training rules
101,fall2014-loglineartaggers.pdf,. = xn features x1 ) trigram tag 1 yn
102,9781787125377-PHP_MICROSERVICES.pdf,your application microservices docker => development different user php add
103,9781783983520-JAVA_EE_7_DEVELOPMENT_WITH_NETBEANS_8.pdf,our web netbeans java application import jsf public name string
104,PIG_DESIGN_PATTERNS.pdf,data pig pattern patterns design */ /* hadoop cases results
105,HTML5_GAMES_DEVELOPMENT_BY_EXAMPLE_BEGINNERS_GUI.pdf,game canvas // var drawing html5 javascript server just games
106,9781784391010-ELASTICSEARCH_ESSENTIALS.pdf,elasticsearch } { query document search documents aggregation : field
107,9781786465658-REACT_AND_REACT_NATIVE.pdf,// { } component react import state => components );
108,9781849513760-LINUX_SHELL_SCRIPTING_COOKBOOK.pdf,$ command file files ff follows: echo line user output
109,9781782161523-PYTHON_GEOSPATIAL_DEVELOPMENT_SECOND_EDITION.pdf,geospatial map shapefile database spatial feature import features mapnik within
110,9781788992510-MASTERING_PYTHON_FOR_NETWORKING_AND_SECURITY.pdf,python module information server vulnerabilities import print allows port find
111,UNTANGLE_NETWORK_SECURITY.pdf,untangle â€¢ ngfw traffic server settings network application web rules
112,9781788295284-MASTERING_ADOBE_CAPTIVATE_2017_FOURTH_EDITION.pdf,captivate slide project click text objects working properties button adobe
113,9781789537819-MASTERING_POSTGRESQL_11_SECOND_EDITION.pdf,| postgresql test=# table select index database transaction query however
114,cssanimation-101.pdf,. animation css transition animations transitions look property itâ€™s homework
115,9781782173755-AWS_ADMINISTRATION_THE_DEFINITIVE_GUIDE.pdf,your aws instance instances select security amazon scaling vpc well
116,Syngress.The.Basics.of.Hacking.and.Penetration.Testing.Aug.2011.pdf,penetration target information testing command many hacking password figure most
117,9781788621113-MASTERING_MACHINE_LEARNING_ALGORITHMS.pdf,it's learning - algorithm very possible 1. samples training however
118,io.pdf,i â†’ j) rule tree k 1 t n r
119,BAYESIAN_ANALYSIS_WITH_PYTHON.pdf,model models regression distribution bayesian ) linear y x posterior
120,Clean_code_extended.pdf,. i was my clean had were me he book
121,9781788470940-LEARNING_ROBOTIC_PROCESS_AUTOMATION.pdf,activity click uipath activities text control type robot drop variable
122,9781849510189-MYSQL_FOR_PYTHON.pdf,| mysql database user statement results table select values where
123,PYTHON_DATA_VISUALIZATION_COOKBOOK.pdf,# import plot matplotlib ff y image x line plots
124,9781783986682-R_OBJECTORIENTED_PROGRAMMING.pdf,> <- command [1] class # r classes commands given
125,9781783287338-NODEJS_BLUEPRINTS.pdf,{ var node.js }); application because module writing html follows:
126,9781783559688-HIGHCHARTS_COOKBOOK.pdf,{ following } var chart code: shown highcharts // options
127,9781789341652-BAYESIAN_ANALYSIS_WITH_PYTHON_SECOND_EDITION.pdf,model distribution models linear figure regression posterior gaussian values bayesian
128,9781788624114-MODERN_SCALA_PROJECTS.pdf,dataset spark dataframe next pipeline val step classification build scala
129,9781787287440-MASTERING_JAVASCRIPT_FUNCTIONAL_PROGRAMMING.pdf,function => functions const - // would way could let's
130,genetic-algorithms-and-machine-learning-for-programmers_b4_0.pdf,â€¢ find prepared exclusively efrain olivares report bag make discuss
131,9781785886607-MACHINE_LEARNING_FOR_THE_WEB.pdf,) ( i j n web >>> k learning âˆ’
132,9781782167853-PYTHON_3_TEXT_PROCESSING_WITH_NLTK_3_COOKBOOK.pdf,>>> training words corpus import word text tagger ff recipe
133,em.pdf,= x y ) (i) âˆˆ n log 1 i=1
134,python-web-frameworks.pdf,web framework python frameworks application features itâ€™s very def documentation
135,9781783553754-MASTERING_GIT.pdf,git branch commit changes repository merge files history branches would
136,AI_A_Modern_Approach_Third_Edition.pdf,state ) figure agent p search learning j. problem algorithm
137,incremental-syntactic-language-models-for-phrase-based-translation.pdf,language translation model syntactic d proceedings machine pages phrase-based incremental
138,Data_Science_from_Scratch.pdf,# def weâ€™ll x list figure want itâ€™s probability *
139,GETTING_STARTED_WITH_INTELLIJ_IDEA.pdf,intellij + click select button project window web tool option
140,9781785885587-NODEJS_DESIGN_PATTERNS_SECOND_EDITION.pdf,const module patterns => node.js pattern application let's asynchronous server
141,How_Linux_Works_2nd_Ed.pdf,system files network linux kernel o user command directory because
142,9781786469786-DEEP_LEARNING_WITH_TENSORFLOW.pdf,tensorflow learning network neural input import \ training layer deep
143,A-On-Intelligence-v2.pdf,i brain book intelligent intelligence would he human my was
144,9781782161622-LEARNING_SCIPY_FOR_NUMERICAL_AND_SCIENTIFIC_COMP.pdf,scipy >>> functions array 0. matrix 1. different numpy us
145,9781784398781-PYTHON_3_OBJECTORIENTED_PROGRAMMING_SECOND_EDIT.pdf,python def object >>> objects list pattern methods object-oriented different
146,NATURAL_LANGUAGE_PROCESSING_WITH_JAVA_AND_LINGPI.pdf,string : recipe classifier ff training text sentence category tokens
147,9781783554492-BUILDING_A_RECOMMENDATION_SYSTEM_WITH_R.pdf,recommender <- model systems items users ## let's user build
148,9781785882500-SCALA_DESIGN_PATTERNS.pdf,design } class def pattern val object patterns scala case
149,9781785289583-PYTHON_PARALLEL_PROGRAMMING_COOKBOOK.pdf,ff python process thread memory print import 3 programming def
150,9781785883262-ANDROID_PROGRAMMING_FOR_BEGINNERS.pdf,android // app add just next java public layout make
151,The_Principles_of_Object-Oriented_JavaScript.pdf,. object property // properties var objects javascript name true
152,9781789340747-LEARN_ROBOTICS_PROGRAMMING.pdf,robot pi raspberry ... sensors motors - make programming motor
153,AI_structures_and_strategies_for_complex_problem_solving.pdf,problem state search figure learning knowledge may / section x
154,9781788998246-HANDSON_MACHINE_LEARNING_WITH_JAVASCRIPT.pdf,algorithm algorithms training learning may ml many const javascript would
155,9781783983209-RABBITMQ_ESSENTIALS.pdf,rabbitmq message messages queue exchange application channel final amqp user
156,An_Introduction_to_Formal_Languages_and_Automata_-_5th_Edition_-_2011.pdf,l language machine turing grammar languages show regular m w
157,9781785889196-LEARNING_PYTHON_APPLICATION_DEVELOPMENT.pdf,python let's â€“ application test simple unit just performance here
158,9781783989003-POSTGRESQL_DEVELOPMENT_ESSENTIALS.pdf,table postgresql query select where let's insert database trigger postgres=#
159,9781785281372-SCALA_FOR_DATA_SCIENCE.pdf,scala> val // scala let's import => type instance case
160,9781788291187-WORDPRESS_PLUGIN_DEVELOPMENT_COOKBOOK.pdf,plugin ) wordpress ); custom page recipe post user add
161,python-testing-with-pytest_p2_0.pdf,test pytest â€¢ tests $ passed fixtures def =================== run
162,9781789132984-HANDSON_DATA_SCIENCE_WITH_THE_COMMAND_LINE.pdf,command line shell bash run let's commands output preceding functions
163,Learning_Spark.pdf,spark rdd rdds cluster sql java scala val // input
164,9781783553112-PYTHON_MACHINE_LEARNING_BY_EXAMPLE.pdf,>>> ... learning regression machine prediction feature training features algorithms
165,Skill_Up_Report_2016_[eBook].pdf,what learning up developers languages big most people - skill
166,9781789610253-LEARN_REACT_WITH_TYPESCRIPT_3.pdf,{ } let's component react typescript type => we'll const
167,Doing_Data_Science.pdf,itâ€™s people science <- would might want their where was
168,beginning_mac_programming.pdf,method object james prepared exclusively carlson application copy march printing
169,LEARNING_FLASK_FRAMEWORK.pdf,flask import app %} entry add {% entries form user
170,9781784395438-LEARNING_GO_PROGRAMMING.pdf,} go { type := func package types string variable
171,programming-ruby-1-9_p5_0.pdf,# => class method end â†’ ruby returns string exclusively
172,Machine_Learning_for_Email.pdf,r email <- spam training figure many learning data. terms
173,9781788292061-MASTERING_TENSORFLOW_1X.pdf,tensorflow model keras models layer learning output probability - loss
174,WEB_DEVELOPMENT_WITH_DJANGO_COOKBOOK.pdf,import template %} ff {% django recipe model creating page
175,What_you_need_to_know_about_R_[eBook].pdf,â€¢ r what about know analysis us dataset mpg gives
176,9781849696968-RESPONSIVE_MEDIA_IN_HTML5.pdf,responsive images image video content look media available css let's
177,9781785888038-LEARNING_PYTHON_DESIGN_PATTERNS_SECOND_EDITION.pdf,â€¢ pattern design class method def object patterns factory objects
178,make_javascriptrobotics_optimized.pdf,. servo figure var // arduino make servos motor javascript
179,what-is-artificial-intelligence.pdf,ai what intelligence itâ€™s artificial human general learning machine research
180,hopfield_K13.pdf,network hopï¬eld 1 state n networks unit units energy +
181,9781783281435-MASTERING_ELASTICSEARCH.pdf,: elasticsearch query index api property documents us document field
182,9781788836524-HANDSON_REINFORCEMENT_LEARNING_WITH_PYTHON.pdf,value state # q action policy learning network agent reward
183,GETTING_STARTED_WITH_KUBERNETES_SECOND_EDITION.pdf,kubernetes $ container pods pod cluster kubectl name: service running
184,9781782161400-BUILDING_MACHINE_LEARNING_SYSTEMS_WITH_PYTHON.pdf,>>> learning features machine very feature classification would us â€“
185,9781784397937-LEARNING_DOCKER.pdf,docker container image containers run $ sudo images build instruction
186,build-awesome-command-line-applications-in-ruby_p1_0.pdf,command app command-line end user weâ€™ll prepared exclusively efrain olivares
187,9781788839150-LEARNING_JAVA_BY_BUILDING_ANDROID_GAMES_SECOND_EDITION.pdf,// class method game private add next int just coding
188,9781783989188-LEARNING_POSTGRESQL.pdf,| postgresql database select table sql query where functions index
189,9781785286933-FLASK_BY_EXAMPLE.pdf,our user we'll application add database flask adding project input
190,algorithms-in-python.pdf,n list tree algorithm ) t self. p figure element
191,efrainolivares_170215.pdf,â— test team quality framework i software applications was -
193,9781789954531-ARCHITECTS_OF_INTELLIGENCE.pdf,i ai think was what itâ€™s people martin learning going
194,9781789535464-LEARNING_POSTGRESQL_11.pdf,postgresql | database table select sql query follows: where index
195,Java_Test-Driven_Development.pdf,tests test public should www.it-ebooks.info implementation void tdd unit testing
196,STATISTICS_FOR_MACHINE_LEARNING.pdf,>>> ... learning - machine print regression test variables models
197,9781788835725-REINFORCEMENT_LEARNING_WITH_TENSORFLOW.pdf,learning reinforcement state policy deep action network neural reward thus
198,9781784393946-BUILD_YOUR_OWN_PAAS_WITH_DOCKER.pdf,docker container run image containers wordpress dokku command volume just
199,future-of-machine-intelligence.pdf,learning machine i neural work deep my was very algorithms
200,example-user-stories.pdf,i can as so â€¢ site want my course page
201,9781789800616-LEARNING_MICROSOFT_COGNITIVE_SERVICES_THIRD_EDITION.pdf,add api call image search face private text application list
202,9781782165569-INSTANT_NODEJS_STARTER.pdf,node.js var node server instant starter ÃªÃª module modules event
203,Flask_Web_Development.pdf,user application www.it-ebooks.info database flask page web {% %} users
204,EFFECTIVE_PYTHON_PENETRATION_TESTING.pdf,python import print socket module packet scapy attack install follows:
205,MACHINE_LEARNING_FOR_THE_WEB.pdf,) ( i j n web >>> k learning âˆ’
206,elife-09222-v1.pdf,et al. spines doi: dendritic cluster ensemble inputs synapses figure
207,Node.js_the_Right_Way.pdf,â€¢ node weâ€™ll www.it-ebooks.info report discuss erratum node.js program });
208,Codeship_Automate_your_Development_Workflow_with_Docker.pdf,docker e application codeship - share guid ï‚‚ ï‚ ïƒ”
209,Nature_Inspired_Optimization_Algorithms.pdf,f algorithms optimization algorithm + âˆ’ ) â‰¤ global j
210,Learning_Unix_for_OS_X_Second_Edition.pdf,command file files unix $ directory terminal os shell x
211,LM101-013-MEMO.pdf,Î² k 2 ) ( 1 + âˆ’ x n
212,mazes-for-programmers.p1_0.pdf,cell end grid mazes algorithm - cells maze prepared exclusively
213,tbd_1706.04313.pdf,object - baseline performance 2 a. objects compositional training activations
214,9781787284586-DATA_SCIENCE_ALGORITHMS_IN_A_WEEK.pdf,random decision no 0) - yes tree node algorithm would
215,writing_an_interpreter_in_go_1.6.pdf,{ } return // := func test parser let -
216,9781849699617-GETTING_STARTED_WITH_INTELLIJ_IDEA.pdf,intellij + click select button project window web tool option
217,hopfield-alice-julien-laferriere.pdf,. network : n 1 hopfield cut x w state
218,9781785280115-JAVA_FOR_DATA_SCIENCE.pdf,analysis text " string java learning techniques output next neural
219,9781785885617-JIRA_DEVELOPMENT_COOKBOOK_THIRD_EDITION.pdf,jira plugin issue user field custom name itâ€¦ project add
220,9781786462923-LEARNING_DOCKER_SECOND_EDITION.pdf,docker container containers image run images $ build instruction sudo
221,the-ray-tracer-challenge_p1_0.pdf,| â† 0 ray given test prepared exclusively efrain olivares
222,CleverAlgorithms_Brownlee_2012.pdf,end algorithm algorithms def optimization search problem â† genetic evolutionary
223,2fa_backup_code_USCIS_myAccount.pdf,your you code if device new change backup lose access
224,9781785880087-NODE_COOKBOOK_THIRD_EDITION.pdf,$ const let's we'll node server npm module }) =>
225,Automate_the_boring_stuff.pdf,. >>> program string www.it-ebooks.info text list enter object files
226,9781782162742-LINUX_SHELL_SCRIPTING_COOKBOOK_SECOND_EDITION.pdf,$ command file files ff follows: echo output user text
227,9781785885990-PYTHON_UNLOCKED.pdf,>>> ... def class return import python objects object test
228,mind-hacking.pdf,i mind was he his " my hacking would had
229,LEARNING_JAVASCRIPT_DATA_STRUCTURES_AND_ALGORITHMS.pdf,array (line algorithm var element node elements let's javascript line
230,9781789533835-PROFESSIONAL_SCALA.pdf,scala def type case val => object let's look functional
231,KUBERNETES_COOKBOOK.pdf,kubernetes # ff kubectl service pod docker etcd running //
233,9781788830577-MACHINE_LEARNING_QUICK_REFERENCE.pdf,model learning let's import out follows: training series output here
234,9781783286836-GO_COOKBOOK.pdf,} { // err go := create return run nil
235,rediscovering-javascript_p1_0.pdf,const javascript letâ€™s prepared exclusively efrain olivares discuss may report
236,9781783551712-LEARNING_PYTHON.pdf,i python # it's >>> let's very def them just
237,9781788295758-STATISTICS_FOR_MACHINE_LEARNING.pdf,>>> ... learning - machine print regression test variables models
238,tbd_icml2017-schemas.pdf,schema networks learning et al. a3c entity model transfer network
239,9781788297233-MASTERING_MICROSOFT_POWER_BI.pdf,bi power report sales server dataset reports table users measures
240,9781786462138-PYTHON_DATA_SCIENCE_ESSENTIALS_SECOND_EDITION.pdf,in: import out: learning just print machine different dataset let's
241,EXPERT_PYTHON_PROGRAMMING.pdf,... >>> python def package $ import test work instance
242,9781782161820-MASTERING_WEB_APPLICATION_DEVELOPMENT_WITH_ANGUL.pdf,angularjs directive service application scope directives }); dom user element
243,9781785886850-EXPERT_PYTHON_PROGRAMMING_SECOND_EDITION.pdf,python >>> def very most may package application module import
244,9781783555130-PYTHON_MACHINE_LEARNING.pdf,>>> ... ) learning ( training model machine x via
245,A_Field_Guide_to_Genetic_Programming.pdf,genetic gp gpbib programming url j. t e fitness evolutionary
246,everyday-scripting-with-ruby_p1_0.pdf,end i ruby prepared exclusively efrain olivares => def report
247,9781784390860-R_FOR_DATA_SCIENCE.pdf,> 1 â€¢ 2 <- : r 3 median mean
248,9781849512084-STATISTICAL_ANALYSIS_WITH_R.pdf,> r shu <- soldiers battle variable ïµ chart argument
249,9781788837996-DEEP_LEARNING_QUICK_REFERENCE.pdf,network deep learning training model neural layer keras x networks
250,raspberry_pi_robotic_projects.pdf,your raspberry now pi â€“ program robot you'll usb system
251,Python_and_Tkinter_Programming_2000.pdf,window widget tkinter options may option def text figure button
252,9781786466587-BUILDING_MACHINE_LEARNING_PROJECTS_WITH_TENSORFLOW.pdf,neural tensorflow networks import dataset regression installation linear loss description
253,Python_Automation_Cookbook_[eBook].pdf,>>> file step ... files text $ there's import 5
254,9781786468154-VULKAN_COOKBOOK.pdf,variable image ) type buffer command pipeline named memory creating
255,9781783988785-R_GRAPHS_COOKBOOK_SECOND_EDITION.pdf,plot creating r recipe argument bar ff plots line values
256,RASPBERRY_PI_COOKBOOK_FOR_PYTHON_PROGRAMMERS.pdf,raspberry pi ff def module control import gpio sudo command
257,9781787125230-CONTINUOUS_DELIVERY_WITH_DOCKER_AND_JENKINS.pdf,docker jenkins continuous delivery pipeline acceptance testing run build configuration
258,9781787125643-GO_SYSTEMS_PROGRAMMING.pdf,go { } := part err $ program package files
259,ARTIFICIAL_INTELLIGENCE_WITH_PYTHON.pdf,# import define input learning let's building output build given
260,9781849695787-RASPBERRY_PI_FOR_SECRET_AGENTS.pdf,your pi $ pi@raspberrypi ~ command network up sox sudo
261,9781904811992-BUILDING_WEBSITES_WITH_VBNET_AND_DOTNETNUKE_4.pdf,module dotnetnuke page _ user portal site skin settings add
262,9781783280971-MASTERING_OBJECTORIENTED_PYTHON.pdf,class ) object we'll ): def objects self design module
263,9781786466877-IMPLEMENTING_MODERN_DEVOPS.pdf,docker kubernetes going cloud run - very google order infrastructure
264,9781786464392-ARTIFICIAL_INTELLIGENCE_WITH_PYTHON.pdf,# import define input learning let's building output build given
265,Principles_of_Object_Oriented_JavaScript.pdf,. object property // properties var objects javascript name true
266,DevOps_Automation_Cookbook_[eBook].pdf,ansible server install command $ docker recipe find command: add
267,9781788474481-POSTGRESQL_10_HIGH_PERFORMANCE.pdf,database | postgresql query it's table where index disk server
268,Statistics_in_a_Nutshell_Second_Edition.pdf,figure statistics table because than test sample probability might between
269,ENG-WebSnippets-201016-1740.pdf,they intelligence himss our has sentences web provide about medical
270,BUILDING_RECOMMENDATION_ENGINES.pdf,recommendation engines building recommender user model recommendations collaborative similarity systems
271,9781849693127-OBJECTORIENTED_JAVASCRIPT_SECOND_EDITION.pdf,> object var objects properties javascript property let's constructor true
272,deeplearningbook.pdf,learning training deep x models neural networks et al. distribution
273,principles_of_data_wrangling.pdf,data dataset values records might record wrangling fields profiling refined
274,9781787286436-AUGMENTED_REALITY_FOR_DEVELOPERS.pdf,ar unity project add scene image object 2. 1. target
275,Machine_Learning_with_Spark.pdf,model spark val www.it-ebooks.info models feature learning features training dataset
277,hopfield_popovici.pdf,0 1 = 2 -1 -2 hopfield 4 âˆ’1 vector
278,scripted-gui-testing-with-ruby_p1_1.pdf,end test prepared exclusively efrain olivares report download erratum discuss
279,semantic-folding-theory-white-paper.pdf,semantic theory word folding language march 2016 vienna fig. representation
280,BUILDING_RESTFUL_PYTHON_WEB_SERVICES.pdf,http api request django game name message restful run flask
281,LEARNING_JUPYTER.pdf,jupyter notebook script julia r package run scripting notebooks scala
282,9781785289712-PRACTICAL_DATA_ANALYSIS_SECOND_EDITION.pdf,analysis visualization working import reference find information image series mongodb
283,9781783988365-MASTERING_MACHINE_LEARNING_WITH_SCIKITLEARN.pdf,>>> regression learning training import linear x feature ) explanatory
284,Collective_Intelligence_In_Action.pdf,user search â–  users content listing figure items public intelligence
285,9781786465351-CHEF_COOKBOOK_THIRD_EDITION.pdf,your chef cookbook $ mma@laptop:~/chef-repo run ff knife node cookbooks
286,9781785887130-MASTERING_PHP_DESIGN_PATTERNS.pdf,} public design patterns php software pattern let's <?php book
287,SCIENTIFIC_COMPUTING_WITH_PYTHON_3.pdf,# functions list def returns array matrix x arrays methods
288,Building_and_Testing_with_Gradle.pdf,gradle build task example ant tasks maven project configuration dependencies
289,Pragmatic_Unit_Testing_in_Java_with_JUnit.pdf,test public tests testing unit void * exclusively robert mcgovern
290,9781782175063-PYTHON_PROJECTS_FOR_KIDS.pdf,your python game make loop user program line player computer
291,Programming_Collective_Intelligence.pdf,>>> def list different youâ€™ll figure add words people dataset
292,Why+Greatness+Cannot+Be+Planned.pdf,itâ€™s objective search stepping even because objectives might would no
293,AUTOMATE_IT_RECIPES_TO_UPSKILL_YOUR_BUSINESS.pdf,let's import web print image getting object look e-mail itâ€¦
294,LEARNING_DATA_MINING_WITH_PYTHON.pdf,dataset features next import many algorithm mining feature follows: training
295,introduction-machine-learning-python.pdf,0 model training learning test features feature very models dataset
296,MASTERING_PYTHON_DESIGN_PATTERNS.pdf,def pattern object state design different want factory user software
297,9781849695107-PENETRATION_TESTING_WITH_THE_BASH_SHELL.pdf,command information bash options find network output section previous option
298,9781787121690-CRACKING_THE_IT_ARCHITECT_INTERVIEW.pdf,architecture business what enterprise probability indicator: application design solution web
299,9781783287734-YII_PROJECT_BLUEPRINTS.pdf,our => we'll user application creating public users yii <?php
300,RefactoringRubyEdition.pdf,. end i method class def refactoring library efrain olivares
301,9781788838535-NATURAL_LANGUAGE_PROCESSING_AND_COMPUTATIONAL_LINGUISTICS.pdf,+ text â€“ model topic words word models spacy -
302,9781785883804-BAYESIAN_ANALYSIS_WITH_PYTHON.pdf,model models regression distribution bayesian ) linear y x posterior
303,Instant_Web_Scraping_with_Java.pdf,java web scraping import public www.it-ebooks.info string instant page package
304,9781783980246-PRACTICAL_DATA_SCIENCE_COOKBOOK.pdf,ff <- r url graph dataset let's us recipe twitter
305,wikifier.pdf,disambiguation wikipedia mentions set local global mention titles g document
306,disambiguation.pdf,word sense examples training results learning been accuracy words system
307,The-Data-Engineers-Guide-to-Apache-Spark.pdf,spark import %scala %python working different dataframe types val sparkâ€™s
308,CLEAN_DATA.pdf,file text â€“ cleaning files table clean json step database
309,regex-cheatsheet.pdf,9 =x =s =o bc =c m  =8 ÊŒ
310,9781782173434-LEARNING_BIG_DATA_WITH_AMAZON_ELASTIC_MAPREDUCE.pdf,emr hadoop amazon cluster aws job mapreduce key output â€“
311,9781788295628-DEEP_LEARNING_FOR_COMPUTER_VISION.pdf,image model learning images training shown models classification loss et
312,9781783985548-LEARNING_TYPESCRIPT.pdf,{ : // typescript application var test type named performance
313,PYTHON_DATA_STRUCTURES_AND_ALGORITHMS.pdf,node list algorithm search algorithms element nodes elements index than
314,9781788990189-HANDSON_CYBERSECURITY_WITH_BLOCKCHAIN.pdf,blockchain security dns ethereum hyperledger key information network server their
315,Practical_Machine_Learning_[eBook].pdf,learning machine regression methods hadoop based r algorithms implementing decision
316,Learning_Python_Design_Patterns_Second_Edition.pdf,â€¢ pattern design class method def object patterns factory objects
317,20-python-libraries-you-arent-using-but-should.pdf,python libraries library >>> import here $ lesser-known cython standard
318,9781786461001-_MASTERING_KUBERNETES_.pdf,kubernetes cluster pods pod service - running api name: container
319,9781786460141-IMPLEMENTING_DEVOPS_ON_AWS.pdf,aws : - us ec2 would jenkins continuous infrastructure vpc
320,9781787129054-MODERN_R_PROGRAMMING_COOKBOOK.pdf,r <- text recipe ready follows: object getting input output
321,PRACTICAL_DATA_SCIENCE_COOKBOOK.pdf,ff <- r url graph dataset let's us recipe twitter
322,9781783552016-MASTERING_SOCIAL_MEDIA_MINING_WITH_PYTHON.pdf,import social user api list users different web script >>>
323,Black_Hat_Python.pdf,. # www.it-ebooks.info import print letâ€™s burp target windows %
324,9781849684163-SOA_MADE_SIMPLE.pdf,service services business process architecture soa management information interface different
325,9781789349795-MASTERING_MACHINE_LEARNING_ON_AWS.pdf,learning model aws algorithms sagemaker machine training spark deep dataset
326,9781782165163-HADOOP_OPERATIONS_AND_CLUSTER_MANAGEMENT_COOKBOO.pdf,hadoop following cluster command: file ff job configuration configure configuring
327,9781785888434-NODEJS_6X_BLUEPRINTS.pdf,{ application create // creating file folder <div </div> %}
328,BernsteinPoster_V1_narrow.pdf,active cell htm sequence learning cells patterns segment â—‰ column
329,Elm_in_Action_v10.pdf,-> other : string model type elm up msg weâ€™ll
330,Scripting_Intelligence_Web_30_Information_Gathering_and_Processing.pdf,. i n web s e rdf end c g
331,ats-vs-ghkm.pdf,rules phrase â†” pairs model ghkm translation rule words target
332,9781785280511-PRACTICAL_MACHINE_LEARNING_COOKBOOK.pdf,data > result follows: - <- step + model learning
333,HTML5_AND_CSS3_TRANSITION_TRANSFORMATION_AND_ANI.pdf,html5 web look property css3 let's element html understand feature
334,learning-text-similarity-with-siamese-recurrent-networks.pdf,job et al. model similarity input learning neural network siamese
335,ARDUINO_ROBOTIC_PROJECTS.pdf,arduino your you'll ide control device shield motor connect connecting
336,9781785280429-PYTHON_DATA_SCIENCE_ESSENTIALS.pdf,in: import out: learning print science dataset 3 numpy let's
337,MacOSX3e_Ch7_AppleScript.pdf,script folder your applescript scripts mac os editor tell open
338,5366.pdf,software data testing analysis test reference nist measurement algorithm evaluation
339,9781783283378-LEARNING_PYTHON_DESIGN_PATTERNS.pdf,class pattern method def factory object design command print proxy
340,Classic_Computer_Science_Problems_in_Pyt.pdf,-> def search licensed efrain olivares <efrain.olivares@gmail.com> type problem listing
341,Instant_Flask_Web_Development.pdf,flask web python development application user instant import database {%
342,9781786463517-SCIENTIFIC_COMPUTING_WITH_PYTHON_3.pdf,# functions list def returns array matrix x arrays methods
343,PYTHON_DATA_SCIENCE_ESSENTIALS_SECOND_EDITION.pdf,in: import out: learning just print machine different dataset let's
344,javascript_patterns.pdf,// function object var pattern www.it-ebooks.info constructor javascript }; itâ€™s
345,9781784394752-PYTHON_MACHINE_LEARNING_BLUEPRINTS_INTUITIVE_DATA_PROJECTS_YOU_CAN_RELATE_TO.pdf,we'll let's output: preceding generates build learning machine import look
346,9781785289729-MASTERING_PYTHON.pdf,... >>> python # def import â€“ most spam list
347,9781783989485-SCIKITLEARN_COOKBOOK.pdf,>>> import we'll let's regression ff it's look linear fit
348,9781784399689-PRACTICAL_MACHINE_LEARNING.pdf,learning machine regression methods hadoop based r algorithms implementing decision
349,9781783982943-ARDUINO_DEVELOPMENT_COOKBOOK.pdf,// arduino pin ff led motor connect pins int serial
350,LEARNING_SCIKITLEARN_MACHINE_LEARNING_IN_PYTHON.pdf,>>> learning training print import machine features feature instances values
351,On_Intelligence_Group_A_2011.pdf,brain i intelligence intelligent would could human was very hawkins
352,9781789349108-APACHE_SPARK_QUICK_START_GUIDE.pdf,spark rdd sql application graph machine learning apache different provides
353,Quality_Engineer_JD.pdf,ï‚· our - do customers quality vmware what who testing
354,book-5wgM3NrV-automata-networks-in-computer-science-theory-and.pdf,o e book n d c theory reading automata networks
355,R-intro.pdf,. r > <- vector x functions y may graphics
356,03_BaMI-Encoders.pdf,bits encoding encoder values should number same range would may
357,9781785882814-MASTERING_PHP_7.pdf,} php public // echo <?php us => error while
358,9781788835886-PYTHON_GUI_PROGRAMMING_WITH_TKINTER.pdf,application we'll tkinter widget follows: creating let's menu just we're
359,Learning_Python_Design_Patter_1stEd.pdf,class pattern method def factory object design command print proxy
360,9781784396008-LEARNING_PYTHON_NETWORKING.pdf,server python network client web >>> ip http protocol import
361,AdvancedAnalyticsWithSpark.pdf,val spark www.finebook.ir => ... values scala because features analysis
362,9781787128149-THE_NODE_CRAFTSMAN_BOOK.pdf,{ } var }); â€“ node.js database event server object
363,SCIKITLEARN_COOKBOOK.pdf,>>> import we'll let's regression ff it's look linear fit
364,9781785889622-MACHINE_LEARNING_ALGORITHMS.pdf,>>> it's learning import different dataset very feature machine 0.
365,9781782164364-PYTHON_WEB_SCRAPING.pdf,>>> web url here page scraping website captcha import crawler
366,9781849512268-USING_CIVICRM.pdf,your civicrm may contact search through membership fields e-mail records
367,thinkapjava.pdf,. method program methods public object int write java static
368,DJANGO_BY_EXAMPLE.pdf,{% %} add django user url application import model template
369,9781849513067-R_GRAPHS_COOKBOOK.pdf,argument plot creating r recipe values graph plots color graphs
370,PRACTICAL_DIGITAL_FORENSICS.pdf,evidence digital forensic may was files information been tools computer
371,Webbots_Spiders_and_Screen_Scrapers_Second_Edition.pdf,page webbot web listing webbots 16 am february 2012 thursday
372,Mind_Performance_Hacks.pdf,hack might mental [hack out itâ€™s them was my than
373,9781786467355-PYTHON_DATA_STRUCTURES_AND_ALGORITHMS.pdf,node list algorithm search algorithms element nodes elements index than
374,100q.pdf,â–ª what united states name years been war who president
375,9781783987740-R_MACHINE_LEARNING_ESSENTIALS.pdf,0 <- learning define machine features build order feature r
376,9781783282678-GETTING_STARTED_WITH_SBT_FOR_SCALA.pdf,build project sbt run scala [info] dependency dependencies test %
377,PYTHON_3_OBJECTORIENTED_PROGRAMMING_SECOND_EDIT.pdf,python def object >>> objects list pattern methods object-oriented different
378,Gradle_Beyond_the_Basics.pdf,build gradle example file task files dependency dependencies plug-in www.it-ebooks.info
380,9781849698429-MASTERING_SUBLIME_TEXT.pdf,+ sublime command text shift ctrl key open plugin package
381,phraseBasedTranslationModels.pdf,) 1 q 0 set + state words translation english
382,seven_databases_in_seven_weeks.pdf,: download www.it-ebooks.info ebook wow! <www.wowebook.com> discuss report erratum redis
383,9781782167204-JASMINE_JAVASCRIPT_TESTING.pdf,{ }); function() jasmine testing spec investment matcher it("should stock
384,9781787285378-LEARNING_CONCURRENCY_IN_PYTHON.pdf,our import thread threads def within process order program us
385,gretl-guide.pdf,. gretl matrix series x variable may case command values
386,Think_Bayes.pdf,distribution i probability def problem posterior pmf likelihood values compute
387,real-world-kanban_p1_0.pdf,â€¢ was kanban team what product prepared exclusively efrain olivares
388,MYSQL_FOR_PYTHON.pdf,| mysql database user statement results table select values where
389,javascript_cookbook.pdf,var page // element download wow! ebook <www.wowebook.com> www.it-ebooks.info javascript
391,code-charles-petzold.pdf,0 was numbers x computer memory it's output instruction than
392,9781783985180-GETTING_STARTED_WITH_GHOST.pdf,your ghost theme tag post blog posts you'll design image
393,9781784396589-MACHINE_LEARNING_IN_JAVA.pdf,â€¢ learning machine model algorithms dataset classification regression follows: detection
394,IMPLEMENTING_LEAN_SIX_SIGMA_IN_30_DAYS.pdf,process sigma six hh lean project team (day control stage
395,Hands_On_Machine_Learning_with_Scikit_Learn_and_TensorFlow.pdf,training learning figure neural just layer tensorflow output machine than
396,9781782175810-HADOOP_EXPLAINED.pdf,namenode hadoop was mapreduce would concept storage rack hence stored
397,genetic-algorithms-and-machine-learning-for-programmers_p1_0.pdf,find prepared exclusively efrain olivares make bag report paper discuss
398,9781782166962-GETTING_STARTED_WITH_HTML5_WEBSOCKET_PROGRAMMING.pdf,websocket server web html5 javascript url // browser mobile client
399,9781849516969-POSTGRESQL_9_HIGH_AVAILABILITY_COOKBOOK.pdf,postgresql server database ff command system user primary table available
400,Alan_Beaulieu-Learning_SQL-EN.pdf,| -> d table select query rows b account where
401,9781785285486-INTERNET_OF_THINGS_WITH_ARDUINO_BLUEPRINTS.pdf,arduino ethernet shield water serial board open 600 web flow
402,PRINCIPLES_OF_DATA_SCIENCE.pdf,# let's learning between probability machine random make look test
403,seven_languages_in_seven_weeks.pdf,thiscopyis (p1.0printing october2010) reporterratum d ay language list programming ruby
404,ParallelDistributedHandbook.pdf,input units network unit pattern output learning activation weights patterns
405,Essentials_Games_v1.pdf,0 our 1 game make pygame [0 0] line weâ€™re
406,java_cookbook_2nd_edition.pdf,} ) class public // + java */ /** *
407,9781784398859-LEARNING_JAVA_BY_BUILDING_ANDROID_GAMES.pdf,game android java just int here methods variables next make
408,9781849695442-HTML5_AND_CSS3_RESPONSIVE_WEB_DESIGN_COOKBOOK.pdf,add responsive element mobile media screen css browser image text
409,What_You_Need_to_Know_about_JavaScript_[eBook].pdf,javascript need var what know variable web string ecmascript add
410,9781786466204-GO_DESIGN_PATTERNS.pdf,} patterns type design := func pattern go test must
411,9781783983902-LEARNING_NUMPY_ARRAY.pdf,numpy array print in: temperature arrays average import follows: out:
412,programming.collective.intelligence.aug.2007.pdf,>>> def list different youâ€™ll figure add words people dataset
413,9781788391061-CEPH_COOKBOOK_SECOND_EDITION.pdf,ceph # cluster osd storage rbd object pool monitor crush
414,PYTHON_3_TEXT_PROCESSING_WITH_NLTK_3_COOKBOOK.pdf,>>> training words corpus import word text tagger ff recipe
415,Practical_Data_Science_Cookbook.pdf,www.it-ebooks.info ff <- r url graph dataset let's us recipe
416,SMART_INTERNET_OF_THINGS_PROJECTS.pdf,iot arduino program raspberry robot pi building $ machine board
417,9781788833288-LEARN_THREEJS_THIRD_EDITION.pdf,three.js var property scene object look we'll geometries properties creating
418,9781783554638-WIRESHARK_ESSENTIALS.pdf,packet wireshark network capture packets ip address display filter layer
419,9781788994521-HANDSON_BLOCKCHAIN_WITH_HYPERLEDGER.pdf,network blockchain business transaction fabric hyperledger application chaincode transactions may
420,9781788472173-_ARTIFICIAL_INTELLIGENCE_FOR_BIG_DATA.pdf,learning big based systems neural input human processing within training
421,lexpcfgs.pdf,np â†’ s rule â†’2 h vp ) lexical lexicalized
422,a-common-sense-guide-to-data-structures-and-algorithms_p2_0.pdf,array prepared exclusively efrain olivares end discuss report erratum steps
423,9781783980628-GETTING_STARTED_WITH_GRUNT_THE_JAVASCRIPT_TASK_R.pdf,grunt our task file files tasks npm build javascript running
424,MASTERING_SOCIAL_MEDIA_MINING_WITH_PYTHON.pdf,import social user api list users different web script >>>
425,Elm_in_Action_v9.pdf,-> other : string type elm model list up photo
426,Codeship_Orchestrate_Containers_for_Development_with_Docker_Compose.pdf,e docker - codeship containers share guid ï‚‚ ï‚ ïƒ”
427,9781785881114-PYTHON_MICROSERVICES_DEVELOPMENT.pdf,flask python run application service services microservices url app import
428,9781788835831-CLEAN_CODE_IN_PYTHON.pdf,def object >>> design would objects good want just it's
429,9781789347463-DYNAMICS_365_BUSINESS_CENTRAL_DEVELOPMENT_QUICK_START_GUIDE.pdf,dynamics business microsoft extension 365 central al development nav customer
430,9781783989324-MASTERING_PYTHON_DESIGN_PATTERNS.pdf,def pattern object state design different want factory user software
431,9781785288326-RASPBERRY_PI_FOR_PYTHON_PROGRAMMERS_COOKBOOK_SECOND_EDITION.pdf,raspberry pi def control gpio module import ff command image
432,9781783554027-MASTERING_QLIK_SENSE.pdf,qlik sense user table master security api creating access load
433,9781788622011-HANDSON_SOFTWARE_ENGINEERING_WITH_PYTHON.pdf,# ) - artisan test process those service object instance
434,9781783287314-NODEJS_DESIGN_PATTERNS.pdf,var module pattern application node.js let's server patterns asynchronous service
435,9781783280995-PRACTICAL_DATA_ANALYSIS.pdf,analysis find import mongodb text working series visualization result image
436,9781785883446-PHP_7_PROGRAMMING_COOKBOOK.pdf,{ } => public return php define ' protected array
437,9781782163367-PYTHON_DATA_VISUALIZATION_COOKBOOK.pdf,# import plot matplotlib ff y image x line plots
438,crf.pdf,. ) m x j xm s w Ï†(x Â·
439,tmux_p3_0.pdf,tmux window session command prefix panes pane windows -g configuration
440,9781789135404-HANDSON_DATA_VISUALIZATION_WITH_BOKEH.pdf,plot plots bokeh import creating here: shown application #create order
441,MODULAR_PROGRAMMING_WITH_PYTHON.pdf,module package python modules import program def programming packages modular
442,Hopfield.pdf,network 1 xi pattern âˆ’ xj wij 2 âˆ’1 i
443,seven-languages-in-seven-weeks_p1_0.pdf,exclusively prepared montelymard list copy printing october language erratum (p1.0
444,9781784393878-PANDAS_COOKBOOK.pdf,>>> pandas column step columns index series dataframe values let's
445,9781788396646-DEVOPS_WITH_KUBERNETES.pdf,kubernetes pod kubectl container $ service docker pods node -
446,9781788629874-RASPBERRY_PI_3_COOKBOOK_FOR_PYTHON_PROGRAMMERS_THIRD_EDITION.pdf,raspberry pi import sudo control def gpio install 3 getting
447,EMNLP2014131.pdf,translation âˆˆ g search t computational language f association lm
448,LIBGDX_GAME_DEVELOPMENT_BY_EXAMPLE.pdf,our game private now let's void public libgdx add next
449,Deep_Learning_with_Python.pdf,learning model deep training ï‚¡ licensed efrain olivares <efrain.olivares@gmail.com> network
450,9781785880063-KUBERNETES_COOKBOOK.pdf,kubernetes # ff kubectl service pod docker etcd running //
451,9781788293464-VUEJS_2X_BY_EXAMPLE.pdf,{ } component app vue object products store add variable
452,Jeff_Hawkins_-_On_Intelligence.pdf,i brain cortex was cells would memory intelligent my patterns
453,9781787283282-MASTERING_EMBEDDED_LINUX_PROGRAMMING_SECOND_EDITION.pdf,kernel device memory system linux $ root filesystem build program
454,9781789132212-TENSORFLOW_MACHINE_LEARNING_PROJECTS.pdf,model tensorflow learning training machine images neural networks deep dataset
455,PROLOG_PROGRAMMING_FOR_ARTIFICIAL_INTELLIGENCE_-_lvan_Bratko.pdf,x prolog i : list vo goal figure tree )
456,genetic_prg_tutorial.pdf,0 grammatical evolution / 2006 8th july 81 (university limerick)
457,9781788628815-UNDERSTANDING_SOFTWARE.pdf,. they i software â€“ it's just page people make
458,STATISTICAL_ANALYSIS_WITH_R.pdf,> r shu <- soldiers battle variable ïµ chart argument
459,9781786468734-MASTERING_JAVA_9.pdf,java 9 public garbage was collection api jdk applications tool
460,9781784397005-MASTERING_PYTHON_NETWORKING.pdf,network python >>> openflow $ ansible - device look api
461,writing_a_compiler_in_go_1.0.pdf,} { // := [...] test func compiler case instructions
462,9781789535907-BEGINNING_PHP.pdf,create php <?php user called database public next array ?>
463,LEARNING_PYTHON_APPLICATION_DEVELOPMENT.pdf,python let's â€“ application test simple unit just performance here
464,working-with-tcp-sockets_p1_0.pdf,. # end exclusively prepared efrain olivares | wwtcps connection
465,MASTERING_LINUX_SHELL_SCRIPTING.pdf,command script $ line awk echo print bash read within
466,9781783985128-LEARNING_PANDAS.pdf,# pandas series 0 values dataframe nan 2 index 3
467,9781847199867-LATEX_BEGINNERS_GUIDE.pdf,Â‹Â‹ latex text command package just page may document â€“
468,9781786465955-MASTERING_SERVICENOW_SECOND_EDITION.pdf,servicenow field table record user system > fields click applications
469,9781788995399-MASTERING_QT_5_SECOND_EDITION.pdf,qt class void #include application project let's : here +=
470,9781847196460-RESTFUL_JAVA_WEB_SERVICES.pdf,{ } web representation import public string restful http service
471,a-common-sense-guide-to-data-structures-and-algorithms_p1_0.pdf,â€¢ array value prepared exclusively efrain olivares discuss report erratum
472,9781788837675-GOOGLE_CLOUD_PLATFORM_FOR_DEVELOPERS.pdf,cloud google engine app services storage compute service instance gcloud
473,9781782161608-LOVE_FOR_LUA_GAME_PROGRAMMING.pdf,end game player then lÃ¶ve enemy 32 == character animation
474,9781788995573-HANDSON_DATA_STRUCTURES_AND_ALGORITHMS_WITH_PYTHON_SECOND_EDITION.pdf,node list algorithm algorithms search pattern element tree nodes index
475,9781849517485-NMAP_6_NETWORK_EXPLORATION_AND_SECURITY_AUDITING.pdf,nmap ff recipe | script host scan nse --script port
476,ISLR_First_Printing.pdf,o regression ( > ) model linear " test figure
477,sed_and_awk_Second_Edition.pdf,# line awk command script sed print input ) ï¬rst
478,Mastering_Social_Media_Mining_with_R_[eBook].pdf,get social media follows: users analysis facebook preceding user most
479,9781849693189-RESPONSIVE_WEB_DESIGN_WITH_HTML5_AND_CSS3.pdf,css3 html5 responsive design web media css it's browser however
480,TKINTER_GUI_APPLICATION_DEVELOPMENT_BLUEPRINTS.pdf,method tkinter def widget let's widgets (see follows: menu text
481,Introducing_Elixir.pdf,do end elixir list * functions def process want lists
482,9781786463890-PHP_7_DATA_STRUCTURES_AND_ALGORITHMS.pdf,node array 0 php list tree search linked here algorithm
483,9781783550111-BURP_SUITE_ESSENTIALS.pdf,burp suite proxy tools screenshot: web look security extensions testing
484,9781785889714-PHP_7_PROGRAMMING_BLUEPRINTS.pdf,} php building => service user simple public application request
485,9781786468949-GO_PROGRAMMING_BLUEPRINTS_SECOND_EDITION.pdf,go err := add type nil package api application us
486,conda-cheatsheet.pdf,conda environment install package create activate remove search packages python
487,9781789346411-HANDSON_MACHINE_LEARNING_FOR_ALGORITHMIC_TRADING.pdf,model learning models training trading linear series market regression input
488,9781782166627-ELASTICSEARCH_COOKBOOK.pdf,ff : { } elasticsearch index follows: query parameter mapping
490,9781849687881-JAVA_7_CONCURRENCY_COOKBOOK.pdf,method class { } thread implement task public object ff
491,9781849515023-RUBY_AND_MONGODB_WEB_DEVELOPMENT_BEGINNERS_GUIDE.pdf,: mongodb => ruby Â‹Â‹ â€“ let's field rails end
492,9781787287495-ARCHITECTURAL_PATTERNS.pdf,pattern patterns service architecture application design applications services event software
493,sigmod2016-p958.pdf,bigdatalog program spark recursive datalog tc evaluation figure programs plan
494,9781783281930-LEARNING_SCIKITLEARN_MACHINE_LEARNING_IN_PYTHON.pdf,>>> learning training print import machine features feature instances values
495,Raschka_Python_Machine_Learning_BookZZ.org.pdf,>>> ... ) learning ( training model machine x via
496,9781787280243-MASTERING_DOCKER_SECOND_EDITION.pdf,docker container running $ run containers image command swarm images
497,Test-Driven_Machine_Learning_[eBook].pdf,test def let's just classifier assert us next make we'll
498,9781784394516-MASTERING_PYTHON_FOR_FINANCE.pdf,>>> model price trading option bond def import """ values
499,EXPERT_PYTHON_PROGRAMMING_SECOND_EDITION.pdf,python >>> def very most may package application module import
500,9781783986064-ARDUINO_HOME_AUTOMATION_PROJECTS.pdf,your arduino board project sensor going pin device home power
501,9781787125537-POSTGRESQL_HIGH_AVAILABILITY_COOKBOOK_SECOND_EDITION.pdf,postgresql server database command primary system user ready getting replication
502,learn-game-programming-with-ruby_p1_0.pdf,game end method âž¤ make prepared exclusively efrain olivares ruby
503,Python_Playground.pdf,. # image u v x youâ€™ll w def figure
504,hopfield-Topics.pdf,i 1 wij 0 xi xj neurons network two hopfield
505,9781784394639-LEARNING_AWS.pdf,your aws application cloud ec2 instance security instances amazon availability
506,9781785880902-NEURAL_NETWORK_PROGRAMMING_WITH_JAVA.pdf,0 neural 1 network learning networks output 0.00 input training
508,04_BaMI-Other-Content.pdf,htm chapter changes topics paper sequence memory learning algorithms original
509,9781789616606-MASTERING_DOCKER_THIRD_EDITION.pdf,docker container running $ run containers image command swarm images
510,9781783983285-MEAN_WEB_DEVELOPMENT.pdf,your application method angularjs module express test folder user mongodb
511,Mastering_Gradle.pdf,gradle build task file project www.it-ebooks.info plugin tasks test execute
512,IPYTHON_INTERACTIVE_COMPUTING_AND_VISUALIZATION_.pdf,ff python import ipython available reference here numpy recipe link
513,epilight_python_new.pdf,array complexity tree binary x n than def element key
514,9781788290920-VUEJS_2_AND_BOOTSTRAP_4_WEB_DEVELOPMENT.pdf,firebase application let's check just component add vue page import
515,9781783553358-PYTHON_DATA_ANALYSIS.pdf,print numpy import pandas follows: array values $ book's 3
516,9781786462589-PYTHON_WEB_SCRAPING_SECOND_EDITION.pdf,web >>> scraping page import here website link captcha scrapy
517,9781849518109-GRADLE_EFFECTIVE_IMPLEMENTATION_GUIDE.pdf,gradle task build file } project tasks plugin property //
518,Data_Visualization_with_D3dotjs_Cookbook.pdf,function // d3 line ff var return recipe chart visualization
519,3112ijsea09.pdf,team project agile were was software teams people members work
520,agile_project_management_kanban.pdf,. team work kanban â– â–  teams items step done library
521,Natural.pdf,class text + www.it-ebooks.info sentence string " nlp word shown
522,the-big-data-market.pdf,data big companies hadoop market fast spark 000 adoption number
523,efrainolivares_180618.pdf,â— test software - quality machine learning engineering science â—‹
524,9781788990547-ARTIFICIAL_INTELLIGENCE_BY_EXAMPLE.pdf,learning (yes no) machine program intelligence quantum training artificial import
525,Microservices_Patterns.pdf,service order api event ï‚¡ services application architecture licensed ryan
526,AI_A_Modern_Approach_Second_Edition.pdf,( ) agent state x figure ~ s n e
527,9781788398558-HANDSON_DATA_STRUCTURES_AND_ALGORITHMS_WITH_JAVASCRIPT.pdf,{ // } var node application let's add creating queue
528,pragmatic-thinking-and-learning_p9_0.pdf,itâ€™s just prepared exclusively efrain olivares report discuss erratum was
529,pragmatic-version-control-using-git_p3_0.pdf,git your repository commit prompt> branch changes add prepared exclusively
530,MASTERING_MACHINE_LEARNING_WITH_SCIKITLEARN.pdf,>>> regression learning training import linear x feature ) explanatory
531,9781784396978-MASTERING_LINUX_SHELL_SCRIPTING.pdf,command script $ line awk echo print bash read within
533,Clean_Code.pdf,{ } public * return private int void string listing
534,LINUX_SHELL_SCRIPTING_COOKBOOK_SECOND_EDITION.pdf,$ command file files ff follows: echo output user text
535,9781785280696-EFFECTIVE_PYTHON_PENETRATION_TESTING.pdf,python import print socket module packet scapy attack install follows:
536,9781788293334-MASTERING_GEOSPATIAL_ANALYSIS_WITH_PYTHON_.pdf,python database geospatial api import install map previous web geometry
537,Docker_Up_and_Running.pdf,docker container run containers $ running image application ... server
538,9781789347999-MACHINE_LEARNING_ALGORITHMS_SECOND_EDITION.pdf,it's learning dataset import very different however machine possible samples
539,modern-java-ee-design-patterns.pdf,java microservices application enterprise service services ee design most business
540,01_BaMI-HTM-Overview.pdf,neocortex htm brain theory biological regions neurons sensory human understand
541,9781787282896-PYTHON_HIGH_PERFORMANCE_SECOND_EDITION.pdf,# python array numpy cython performance c def import operations
542,9781788838849-MASTERING_REVERSE_ENGINEERING.pdf,file windows tools program information analysis eax reverse address executable
543,9781849517164-LEARNING_NEO4J.pdf,graph neo4j database would very different management databases many systems
544,Classic_Computer_Science_Problems_in_Pyt_v4.pdf,other - than book -> simple def during anything reader
545,functional_programming_for_java_developers.pdf,functional programming type public list types where values functions java
546,9781784398934-RESPONSIVE_WEB_DESIGN_WITH_HTML5_AND_CSS3_SECOND.pdf,css media element svg responsive it's web html5 browser css3
547,VUEJS_2_COOKBOOK.pdf,{ } vue component recipe }) components getting page write
548,PROGRAMMING_MAPREDUCE_WITH_SCALDING.pdf,scalding operation val hadoop group pipe => job mapreduce operations
549,9781788295666-HANDSON_PENETRATION_TESTING_ON_WINDOWS.pdf,windows network just we're â€“ it's let's out target access
550,metaprogramming-ruby_p4_0.pdf,class end method methods ruby # def bill object exclusively
551,9781783288687-PYTHON_TOOLS_FOR_VISUAL_STUDIO.pdf,python django project visual studio ptvs window command tools solution
552,Data_Science_from_Scratch_2nd.pdf,# def weâ€™ll -> assert import == x * just
553,D3.js_By_Example_[eBook].pdf,d3.js var creating svg }); graph elements bl.ock bar dom
554,9781786468666-BUILDING_MICROSERVICES_WITH_GO.pdf,service docker would look go application message however request run
555,MySQL_Cookbook_3rd_Edition.pdf,| values table mysql select column mysql> www.it-ebooks.info name ->
556,9781787283367-GETTING_STARTED_WITH_KUBERNETES_SECOND_EDITION.pdf,kubernetes $ container pods pod cluster kubectl name: service running
557,9781782168096-GETTING_STARTED_WITH_MARIADB.pdf,mariadb | database user command table server log want linux
558,LEARNING_PANDAS.pdf,# pandas series 0 values dataframe nan 2 index 3
559,9781785281655-DOCKER_ON_WINDOWS.pdf,docker container image i run application running containers windows server
560,9781783554553-R_GRAPH_ESSENTIALS.pdf,create creating now command color graph + r let's graphs
561,9781785282195-JAVA_DEEP_LEARNING_ESSENTIALS.pdf,learning deep machine ) neural model layer networks ( j
562,going-pro-in-data-science.pdf,data i science scientist agile itâ€™s skills figure employee most
563,9781789133806-PYTHON_AUTOMATION_COOKBOOK.pdf,>>> recipe step ... $ there's text import files information
564,Robert_Layton_Learning_Data_Mining_with_Python_BookZZ.org.pdf,dataset features next import many algorithm mining feature follows: training
565,FLASK_BY_EXAMPLE.pdf,our user we'll application add database flask adding project input
566,06_BaMI-Glossary.pdf,htm changes binary bits. result predicted temporal set b elements
567,Make_Getting_Started_with_p5dotjs.pdf,. function example // var p5.js setup() draw() x y
568,Python_Forensics.pdf,# i Â¼ python figure print standard program library import
569,makingthingstalk.pdf,// serial Â»Â» arduino project figure make things youâ€™ll itâ€™s
570,practical-svg.pdf,svg i s like vg fig css t itâ€™s image
571,9781849511261-PYTHON_3_OBJECT_ORIENTED_PROGRAMMING.pdf,class method object python def >>> objects methods list test
572,Collective_Intelligence_in_Act_-_Satnam_Alag_887.pdf,user search â–  users content listing figure items public intelligence
573,LEARNING_VUEJS_2.pdf,application let's shopping vue â€“ list components state just inside
574,9781789137613-MASTERING_JAVA_11_SECOND_EDITION.pdf,java public garbage was 11 collection 9 api platform jdk
575,category-theory-for-programmers.pdf,-> category ð‘Ž type functor object f natural â€” itâ€™s
576,PYTHON_FOR_SECRET_AGENTS.pdf,python ) we'll >>> image object we've us list work
577,9781785886775-WEB_DEVELOPMENT_WITH_DJANGO_COOKBOOK_SECOND_EDITION.pdf,import # ff %} {% django template recipe ) creating
578,9781786469946-LEARNING_VUEJS_2.pdf,application let's shopping vue â€“ list components state just inside
579,9781789136609-ENSEMBLE_MACHINE_LEARNING_COOKBOOK.pdf,# import model step ensemble values variables variable learning training
580,9781784391911-DJANGO_BY_EXAMPLE.pdf,{% %} add django user url application import model template
581,9781785880544-LEARNING_PHP_7.pdf,php add let's public book => them just order web
582,ExactDecodingPhraseBasedTranslationModels.pdf,Ë› 1 y %) 0 ( algorithm ) n words
583,9781784396992-FUNCTIONAL_PYTHON_PROGRAMMING.pdf,function functions we'll functional values >>> def we've x sequence
584,9781849685245-MICROSOFT_SQL_SERVER_2012_INTEGRATION_SERVICES_A.pdf,ssis package flow task sql connection source server name ff
586,9781783281091-DATA_MANIPULATION_WITH_R.pdf,r 1 # 2 [1] <- variable object factor package
587,0199740445.pdf,puzzles levitin games title: algorithmic author: anany maria publisher: oxford
588,9781783286270-MASTERING_D3JS.pdf,// create chart var creating application add svg element });
589,Scala-Cookbook.pdf,method val class scala> scala // string methods case object
590,9781788475686-BLOCKCHAIN_BY_EXAMPLE.pdf,contract bitcoin transaction blockchain network ethereum hyperledger payment truffle public
591,9781787121706-MASTERING_C_MULTITHREADING.pdf,thread threads memory multithreading atomic mutex request int type <<
592,understanding-machine-learning-theory-algorithms.pdf,âˆ’ x ) âˆˆ learning â‰¤ + h let m
593,TENSORFLOW_MACHINE_LEARNING_COOKBOOK.pdf,= # loss tensorflow model import x training test neural
594,9781783287536-LEARNING_ROBOTICS_USING_PYTHON.pdf,robot ros python speech motor after chefbot working $ package
595,pandas-0.22.0.pdf,. â€¢ : 2 0 nan python 3 index default
596,9781783284672-NATURAL_LANGUAGE_PROCESSING_WITH_JAVA_AND_LINGPI.pdf,string : recipe classifier ff training text sentence category tokens
597,9781789130669-AWS_CERTIFIED_SOLUTIONS_ARCHITECT_ASSOCIATE_GUIDE.pdf,aws access security services key service web amazon s3 within
598,Bishop_-_Pattern_Recognition_And_Machine_Learning_-_Springer__2006.pdf,) distribution n âˆ’ given x gaussian figure  where
599,9781786469007-DEPLOYMENT_WITH_DOCKER.pdf,docker $ container service \ run image containers would running
600,9781783984787-ORCHESTRATING_DOCKER.pdf,docker command run container $ containers running image build instruction
601,9781788472395-COMPUTER_VISION_WITH_OPENCV_3_AND_QT5.pdf,qt opencv image project application mat make simply functions sure
602,9781783282111-LARAVEL_APPLICATION_DEVELOPMENT_BLUEPRINTS.pdf,database file creating return => form public add building table
603,Data_Analytics_with_Hadoop.pdf,data hadoop spark distributed mapreduce hive job hdfs key machine
604,vi_and_vim_editors_pocket_reference_second_edition.pdf,command vi file window commands vim line www.it-ebooks.info current tag
605,9781783984367-LEARNING_R_FOR_GEOSPATIAL_ANALYSIS.pdf,> raster vector values + r object [1] spatial layer
606,9781786462169-TENSORFLOW_MACHINE_LEARNING_COOKBOOK.pdf,= # loss tensorflow model import x training test neural
607,442418.full.pdf,cells grid location displacement cell cortical object objects locations represent
608,Agile_Data_Science.pdf,| : www.it-ebooks.info email emails agile figure /* */ big
609,9781782166306-GETTING_STARTED_WITH_WEBRTC.pdf,webrtc server application video web browser team communication call user
610,9781783287550-LEARNING_WEB_DEVELOPMENT_WITH_BOOTSTRAP_AND_ANGU.pdf,our bootstrap just within let's we're we've it's us look
611,ADVANCED_MACHINE_LEARNING_WITH_PYTHON.pdf,model learning feature input techniques we'll dataset network features may
612,writing_a_compiler_in_go_1.1.pdf,} { // := [...] test func compiler case instructions
613,hadoop-with-python.pdf,python pig hdfs hadoop mapreduce command """ $ spark >>>
614,9781788839044-MASTERING_BLOCKCHAIN_SECOND_EDITION.pdf,blockchain bitcoin transaction ethereum block smart network contract key available
615,9781786468093-VUEJS_2_COOKBOOK.pdf,{ } vue component recipe }) components getting page write
616,9781783983360-LEARNING_FLASK_FRAMEWORK.pdf,flask import app %} entry add {% entries form user
617,An_Introduction_to_Statistical_Learning_with_Applications_in_R_Seventh_Printing.pdf,o regression ( > ) model linear " test figure
618,SonarQube.pdf,sonarqube figure project issues download www.it-ebooks.info ebook wow! <www.wowebook.com> itâ€™s
619,9781785882876-PRACTICAL_DEVOPS.pdf,build test server devops many issue systems testing might different
620,9781787125445-MASTERING_BLOCKCHAIN.pdf,blockchain bitcoin ethereum transaction contract block smart order been network
621,9781783552344-TROUBLESHOOTING_DOCKER.pdf,docker container containers $ image run images application kubernetes service
622,raspberry-pi_p3_0.pdf,pi exclusively prepared efrain olivares report erratum discuss youâ€™ll linux
623,9781784398637-ADVANCED_MACHINE_LEARNING_WITH_PYTHON.pdf,model learning feature input techniques we'll dataset network features may
624,BAMI-Complete.pdf,active htm bits cells input neocortex memory sdrs synapses temporal
625,using-semantic-fingerprints-in-finance.pdf,semantic similarity 0.000 fingerprinting measure 1.000 correlations stock word sf
627,9781786461148-DOCKER_NETWORKING_COOKBOOK.pdf,docker ip network container user@docker1:~$ host sudo interface default link
628,PHP_7_DATA_STRUCTURES_AND_ALGORITHMS.pdf,node array 0 php list tree search linked here algorithm
629,9781849685740-MICROSOFT_SQL_SERVER_2012_PERFORMANCE_TUNING_COO.pdf,sql server query index ff table database column execution performance
630,The_Art_of_Debugging.pdf,. gdb breakpoint program line // (gdb) debugging www.it-ebooks.info ddd
631,Natural_Language_Processing_in_Action_v3_MEAP.pdf,other words >>> word than vectors - book simple vector
632,9781789343731-HANDSON_IMAGE_PROCESSING_WITH_PYTHON.pdf,image # processing shows - output images learning import next
633,Gradle_in_Action.pdf,build gradle project task plugin test youâ€™ll dependency www.it-ebooks.info java
634,python_algorithms.pdf,problem algorithm node â–  n nodes would graph could just
635,JurafskyMartinSpeechAndLanguageProcessing2ed_draft_2007.pdf,word language d words speech ft ra j. probability sentence
636,9781785881503-NODEJS_WEB_DEVELOPMENT_THIRD_EDITION.pdf,notes node.js application }); => docker $ npm user server
637,9781789346565-MACHINE_LEARNING_WITH_APACHE_SPARK_QUICK_START_GUIDE.pdf,spark apache learning machine processing distributed case figure feature layer
638,IntelliJIDEA_ReferenceCard_mac.pdf,go / code line block current find file selected toggle
639,9781786466518-SMART_INTERNET_OF_THINGS_PROJECTS.pdf,iot arduino program raspberry robot pi building $ machine board
640,9781784398224-FUNCTIONAL_PROGRAMMING_IN_JAVASCRIPT.pdf,function { var functional // return programming javascript functions };
641,From_Python_to_Numpy.pdf,â”‚ 0 1 numpy python 2 >>> â”ƒ 2/8/2018 http://www.labri.fr/perso/nrougier/from-python-to-numpy/
642,practical-programming_p4_0.pdf,â€¢ >>> values prepared exclusively efrain olivares list report discuss
643,exdecmt.pdf,y v t algorithm âˆˆ p language constraints where )
644,lm-spring2013.pdf,v) v language ) trigram model c(u xn w) 0
646,9781782168812-INSTANT_OPENCV_STARTER.pdf,image opencv 255 // pixel instant starter image. store computer
647,NaturalLanguageProcessingWithPython.pdf,>>> ... text word words language -> corpus list print
648,exercises-for-programmers_p1_0.pdf,â€¢ program prepared exclusively efrain olivares output report discuss erratum
649,9781782172550-SQL_SERVER_2014_DEVELOPMENT_ESSENTIALS.pdf,sql server database table statement query select indexes statements 2014
650,9781787282513-ARCPY_AND_ARCGIS_SECOND_EDITION.pdf,python arcgis feature script arcpy online module >>> within objects
651,9781782168454-GIT_VERSION_CONTROL_COOKBOOK.pdf,git $ commit branch repository add files commits command changes
652,CSS_Cookbook_3rd.pdf,| y figure css element web elements n text image
653,9781783987986-MASTERING_JAVASCRIPT_DESIGN_PATTERNS.pdf,var javascript patterns pattern () }; would object (function different
654,9781789534207-HANDSON_META_LEARNING_WITH_PYTHON.pdf,our learning meta networks loss parameter gradient tasks model learn
655,9781787289901-REACTIVE_ANDROID_PROGRAMMING.pdf,-> observable rxjava public observables this: activity was flow however
656,9781786460196-JAVA_9_PROGRAMMING_BLUEPRINTS.pdf,java public we'll application user private string final android interface
657,What_You_Need_to_Know_about_Docker_[eBook].pdf,docker command what run $ about container containers image images
658,Machine_Learning_in_Action.pdf,0 >>> licensed efrain olivares <efrain.olivares@gmail.com> weâ€™ll values figure regression
659,Programming_PHP_3rd_Edition.pdf,php array string returns // values echo functions => operator
660,9781849516983-POSTGRESQL_SERVER_PROGRAMMING.pdf,function | postgresql trigger functions database select record $$ language
661,Designing_Machine_Learning_Systems_with_Python.pdf,) ( www.it-ebooks.info learning models features x machine import feature
662,ADVANCED_EXPRESS_WEB_APPLICATION_DEVELOPMENT.pdf,our { return let's project }); add var express :
663,9781783284351-CLOJURE_FOR_MACHINE_LEARNING.pdf,function values model matrix given preceding input ) x user>
664,cucs-002-10.pdf,0 test li samples metamorphic case label testing mutants training
665,RASPBERRY_PI_HOME_AUTOMATION_WITH_ARDUINO.pdf,raspberry pi up arduino temperature shield â€“ home application url
666,9781785281341-MASTERING_JAVASCRIPT.pdf,var javascript // object functions variable scope event pattern module
667,9781787124660-JAVASCRIPT_FUNCTIONAL_PROGRAMMING_FOR_JAVASCRIPT_DEVELOPERS.pdf,var javascript // functions functional object programming patterns pattern very
668,MACHINE_LEARNING_WITH_R_2ND_EDITION.pdf,model > learning â€“ r machine performance may values training
669,chapter01.pdf,was ai artificial computer were intelligence approach program modern he
670,The_Cucumber_for_Java_Book.pdf,â€¢ cucumber step scenario account report www.it-ebooks.info public scenarios discuss
671,9781788836289-IMPLEMENTING_SPLUNK_7_THIRD_EDITION.pdf,splunk search events field fields event app let's query summary
672,Mining_of_Massive_Datasets.pdf,m matrix algorithm section âˆ’ points : n than b
673,9781783284375-PYTHON_FOR_FINANCE.pdf,python import price could call option program shown follows: r
674,R_DATA_STRUCTURES_AND_ALGORITHMS.pdf,<- element figure vector algorithm list elements search linked key
675,RASPBERRY_PI_PROJECTS_FOR_KIDS.pdf,raspberry pi game button make want window line us program
676,Understanding_Computation.pdf,{ } -> x >> => end y state machine
677,9781785281532-PYTHON_GAME_PROGRAMMING_BY_EXAMPLE.pdf,game def x * import board y position opencv player
678,9781788290678-STATISTICS_FOR_DATA_SCIENCE.pdf,data statistical database model scientist r learning analysis developer process
679,9781783987542-MASTERING_MATPLOTLIB.pdf,matplotlib â€¢ plot import ipython event preceding was docker let's
680,MASTERING_GIT.pdf,git branch commit changes repository merge files history branches would
681,9781788629416-ADVANCED_DEEP_LEARNING_WITH_KERAS.pdf,# ( ) x figure model generator discriminator network loss
682,9781785288142-DATA_ANALYSIS_WITH_R.pdf,> r <- mean distribution [1] regression sample probability than
683,3d-game-programming-for-kids_p1_0.pdf,new var â€¢ game // prepared exclusively efrain olivares avatar
684,Fundamental_Deep_Learning_Preview_Zaloni.pdf,neural tensorflow training model figure learning error neurons networks output
685,fb.pdf,. s âˆˆ j) ) s0 xm sm m j
686,9781787120952-C_HIGH_PERFORMANCE.pdf,auto // memory c++ << const type stl algorithms object
687,9781788473040-ETHEREUM_SMART_CONTRACT_DEVELOPMENT.pdf,figure smart blockchain ethereum contract contracts solidity web was decentralized
688,9781786460516-AUTOMATE_IT_RECIPES_TO_UPSKILL_YOUR_BUSINESS.pdf,let's import web print image getting object look e-mail itâ€¦
689,no.starch.press_.wicked.cool_.shell_.scripts-101.scripts.for_.linux_.mac_.os_.x.and_.unix_.systems.ebook-lib.pdf,script echo # then | ; fi command exit $
690,language-implementation-patterns_p5_0.pdf,// pattern tree type page r scope symbol prepared exclusively
691,9781785887918-PRINCIPLES_OF_DATA_SCIENCE.pdf,# let's learning between probability machine random make look test
692,VuejsUpRunningCh1-2Excerpt.pdf,{ } component vue element }); object <div components property
693,9781788831307-HANDSON_TRANSFER_LEARNING_WITH_PYTHON.pdf,learning model image deep transfer feature training neural layer input
694,tbd_1611.02788.pdf,model text parsing character images shape training fonts recognition et
695,9781785282324-LEARNING_PENETRATION_TESTING_WITH_PYTHON.pdf,python script may exploit system means would details nmap tools
696,Building_Machine_Learning_Systems_with_Python.pdf,>>> learning features machine very feature classification would us â€“
697,9781785287916-LINUX_NETWORKING_COOKBOOK.pdf,up server ff network ip setting system may configuring port
698,Pragmatic_Unit_Testing_in_Java_8_with_JUnit.pdf,â€¢ test tests public âž¤ www.it-ebooks.info discuss report unit erratum
699,9781783288519-MACHINE_LEARNING_WITH_SPARK.pdf,model spark val models feature learning features training dataset vector
701,9781782163282-BIG_DATA_ANALYTICS_WITH_R_AND_HADOOP.pdf,data hadoop r â€¢ mapreduce # analytics output Â°Â° understanding
702,writing_an_interpreter_in_go_1.5.pdf,{ } return // := func test parser let -
703,functional-light-javascript.pdf,function ); // var return javascript ) functional-light itâ€™s list
704,JAVA_7_NEW_FEATURES_COOKBOOK.pdf,method file path was ff object directory java methods files
705,practical-vim.p1_1.pdf,command vim tip mode search line page commands prepared exclusively
706,9781783283156-MASTERING_PYTHON_REGULAR_EXPRESSIONS.pdf,>>> regular match character pattern python expressions expression look groups
707,9781784399085-TESTDRIVEN_MACHINE_LEARNING.pdf,test def let's just classifier assert us next make we'll
708,9781847194947-EXPERT_PYTHON_PROGRAMMING.pdf,... >>> python def package $ import test work instance
709,9781788392365-UNITY_2017_GAME_OPTIMIZATION_SECOND_EDITION.pdf,memory objects unity object performance physics since would scene rendering
710,mac_kung_fu_2nd_edition.pdf,tip click open files window list type command select finder
711,ASTJournalPre.pdf,test software mutation testing case mutants diagram cases mutant consistency
712,9781783550234-MASTERING_RESPONSIVE_WEB_DESIGN.pdf,{ } â€¢ width: css web responsive sass going @include
713,02_BaMI-SDR.pdf,sdrs bits sdr false ð‘¤ ð‘› neurons union probability vector
714,9781785886300-MEAN_WEB_DEVELOPMENT.pdf,your application const express angular module test user mongodb folder
715,9781783988556-UNITY_VIRTUAL_REALITY_PROJECTS.pdf,vr unity scene script object select position panel 1. 2.
716,9781789341096-MASTERING_VIM.pdf,vim plugin mode " line files command text git $
717,9781783554874-LEARNING_JAVASCRIPT_DATA_STRUCTURES_AND_ALGORITH.pdf,method array 3 element 5 var node (line 4 list
718,Hierarchical_Temporal_Memory_using_Memristor_Networks-A_Survey.pdf,htm sp memristive implementation circuit analog input recognition tm â€
719,9781783286898-WEB_DEVELOPMENT_WITH_DJANGO_COOKBOOK.pdf,import template %} ff {% django recipe model creating page
720,9781785280085-D3JS_BY_EXAMPLE.pdf,d3.js var creating svg }); graph elements bl.ock bar dom
721,ldow2014_paper_03.pdf,entity mention mentions entities aida-light ) j context ei wikipedia
722,9781786465153-R_DATA_STRUCTURES_AND_ALGORITHMS.pdf,<- element figure vector algorithm list elements search linked key
723,disambiguation2.pdf,question language natural knowledge processing answering word qa ambiguity science
724,9781783987429-TESTDRIVEN_JAVA_DEVELOPMENT.pdf,tests test public should implementation void tdd unit testing specification
725,9781788297684-PRACTICAL_COMPUTER_VISION.pdf,image # object model computer vision detection input output follows:
726,9781788625173-MATPLOTLIB_FOR_PYTHON_DEVELOPERS_SECOND_EDITION.pdf,matplotlib # plot import figure plots here color qt 5
727,9781787281394-LEARNING_FUNCTIONAL_PROGRAMMING_IN_GO.pdf,go type := func functions functional programming fp err b
728,9781784399788-LEARNING_SCRAPY.pdf,scrapy $ spider ... us them just crawl it's requests
729,Python_For_Data_Analysis_2017-03-01T01_01_36.375.pdf,2 0 3 www.it-ebooks.info 4 values nan 5 b array
730,9781782165583-INSTANT_DATA_INTENSIVE_APPS_WITH_PANDAS_HOWTO.pdf,> pandas instant apps how-to book data-intensive dataframe recipe df
731,9781786469250-MODERN_PYTHON_COOKBOOK.pdf,>>> we'll object list we've import look def it's recipe
732,9781789804027-HANDSON_ARTIFICIAL_INTELLIGENCE_FOR_CYBERSECURITY.pdf,detection malware ai learning algorithms import network different possible training
733,9781788626859-NODEJS_WEB_DEVELOPMENT_FOURTH_EDITION.pdf,node.js notes application module docker const $ user npm run
734,9781786464453-PYTHON_DEEP_LEARNING.pdf,learning neural network ) deep ( input networks would layer
735,9781785880070-JUPYTER_FOR_DATA_SCIENCE.pdf,jupyter notebook r <- import display frame would : where
736,9781783552078-MASTERING_R_FOR_QUANTITATIVE_FINANCE.pdf,<- price r risk ) interest rate market ( option
737,9781786468529-SOFTWARE_ARCHITECTURE_WITH_PYTHON.pdf," python def system >>> â€“ software module test import
743,Think_Complexity.pdf,model graph models because exercise many algorithm list between figure
744,Eloquent_JavaScript.pdf,. ( ; " ) var > (" ); //
745,clean-architectures-in-python.pdf,. test def - assert == import tests _ case
